{
  "prep": {
    "outlierRemoval": {
      "Level1": {
        "useIQR": true,
        "iqrMultiplier": 1.5,
        "useZScore": true,
        "zScoreThreshold": 3
      },
      "Level2": {
        "useIQR": true,
        "iqrMultiplier": 1.5,
        "useZScore": true,
        "zScoreThreshold": 3
      },
      "Level3": {
        "useIQR": true,
        "iqrMultiplier": 1.5,
        "useZScore": true,
        "zScoreThreshold": 3
      },
      "Level4": {
        "useIQR": true,
        "iqrMultiplier": 1.5,
        "useZScore": true,
        "zScoreThreshold": 3
      },
      "Level5": {
        "useIQR": true,
        "iqrMultiplier": 1.5,
        "useZScore": true,
        "zScoreThreshold": 3
      },
      "Level6": {
        "useIQR": true,
        "iqrMultiplier": 1.5,
        "useZScore": true,
        "zScoreThreshold": 3
      },
      "Encoder3": {
        "useIQR": true,
        "iqrMultiplier": 1.5,
        "useZScore": true,
        "zScoreThreshold": 3
      },
      "Ang1": {
        "useIQR": true,
        "iqrMultiplier": 1.5,
        "useZScore": true,
        "zScoreThreshold": 3
      },
      "Ang2": {
        "useIQR": true,
        "iqrMultiplier": 1.5,
        "useZScore": true,
        "zScoreThreshold": 3
      },
      "Ang3": {
        "useIQR": true,
        "iqrMultiplier": 1.5,
        "useZScore": true,
        "zScoreThreshold": 3
      },
      "applyMode": "bulk",
      "bulkSettings": {
        "useIQR": true,
        "iqrMultiplier": 1.5,
        "useZScore": true,
        "zScoreThreshold": 3
      }
    },
    "scaleOffset": {
      "Level1": {
        "Scaler": 1.001,
        "offset": 0
      },
      "Level2": {
        "Scaler": 1.064,
        "offset": 0.02
      },
      "Level3": {
        "Scaler": 0.998,
        "offset": 0
      },
      "Level4": {
        "Scaler": 0.997,
        "offset": 0
      },
      "Level5": {
        "Scaler": 0.996,
        "offset": 0
      },
      "Level6": {
        "Scaler": 1,
        "offset": 0
      },
      "Encoder3": {
        "Scaler": 1,
        "offset": 0
      },
      "Ang1": {
        "Scaler": 1,
        "offset": 0
      },
      "Ang2": {
        "Scaler": 1,
        "offset": 0
      },
      "Ang3": {
        "Scaler": 1,
        "offset": 0
      }
    },
    "aggregation": {
      "interval": 1,
      "method": "ema",
      "emaSpan": 5
    }
  }
}